<?xml version="1.0" encoding="utf-8"?>
<resources xmlns:android="http://schemas.android.com/apk/res/android">

    <color name="white">#FFFFFF</color>
    <color name="black">#000000</color>
    <color name="unread_message_blue">#3e8ec3</color>
    <color name="lightgrey">#D3D3D3</color>
    <color name="lightblack">#222222</color>
    <color name="timestampcolor">#999999</color>
    <color name="transparent_black">#B000</color>
    <color name="black_75">#BF000000</color>
    <color name="black_55">#8C000000</color>
    <color name="black_45">#73000000</color>
    <color name="black_25">#40000000</color>
    <color name="white_85">#D9FFFFFF</color>
    <color name="white_40">#66FFFFFF</color>
    <color name="white_45">#73FFFFFF</color>
    <color name="white_20">#33FFFFFF</color>
    <color name="white_10">#1AFFFFFF</color>
    <color name="offwhite">#F7F7F4</color>
    <color name="signup_blue">#57b2ee</color>
    <color name="subtext">#666666</color>
    <color name="loading">#4797ce</color>
    <color name="profile_item_bckg">#eeeeeb</color>
    <color name="chat_color">#33312e</color>
    <color name="credits_blue">#3e8ec3</color>
    <color name="other_list_selected">#ffffff</color>
    <color name="other_list_pressed">#e6e6e3</color>
    <color name="invite_all">#9c9a93</color>
    <color name="send_green">#c7d9a3</color>
    <color name="contact_blue">#68b8de</color>
    <color name="contact_green">#a4cd69</color>
    <color name="dialog_bg">#e5e5e2</color>
    <color name="dialog_header_bg">#282828</color>
    <color name="dialog_btn_disabled_txt">#b0b0ae</color>
    <color name="record_txt">#73716d</color>
    <color name="tab_pressed">#cccccc</color>
    <color name="social_btn_txt">#c8c7c2</color>
    <color name="mood_text">#a4a4a4</color>
    <color name="bollywood_btn_normal">#f59f87</color>
    <color name="bollywood_btn_pressed">#f29981</color>
    <color name="doggy_btn_normal">#dcb36b</color>
    <color name="doggy_btn_pressed">#d5ac64</color>
    <color name="kitty_btn_normal">#fcc4bd</color>
    <color name="kitty_btn_pressed">#f8b9b1</color>
    <color name="rf_btn_normal">#504d45</color>
    <color name="rf_btn_pressed">#4c4941</color>
    <color name="exp_btn_normal">#fee78c</color>
    <color name="exp_btn_pressed">#f8de82</color>
    <color name="humanoid2_btn_normal">#ffb0bd</color>
    <color name="humanoid2_btn_pressed">#ffb0b0</color>
    <color name="se_btn_normal">#fdf6a8</color>
    <color name="se_btn_pressed">#e9e184</color>
    <color name="avtars_btn_normal">#2e3134</color>
    <color name="avtars_btn_pressed">#242729</color>
    <color name="sms_choice_unselected">#b8b6b0</color>
    <color name="sms_choice_selected">#73716d</color>
    <color name="sms_choice_unselected_custom_theme">#80ffffff</color>
    <color name="list_item_header">#33312e</color>
    <color name="list_item_subtext">#73716d</color>
    <color name="unread_message">#0090ec</color>
    <color name="conversation_pressed">#7fececec</color>
    <color name="list_divider">#e6e6e6</color>
    <color name="home_bg">#fffffc</color>
    <color name="update_no_btn">#73716d</color>
    <color name="chat_thread_default_bg">#e8e3d8</color>
    <color name="actionbar_text">#faf8f2</color>
    <color name="sticker_emoticon_divider">#1F1F21</color>
    <color name="almost_white">#fffffc</color>
    <color name="updates_text">#292d2e</color>
    <color name="action_bar_disabled_text">#1DA8E8</color>
    <color name="signup_white">#fafaf4</color>
    <color name="voice_message_stroke">#1273716d</color>
    <color name="description_lightgrey">#bfbcb6</color>
    <color name="protip_dismiss">#a59b94</color>
    <color name="action_bar_item_pressed">#9A33b5e5</color>
    <color name="sms_popup">#1DA8E8</color>
    <color name="humanoid_btn_normal">#c1f0ff</color>
    <color name="humanoid_btn_pressed">#b7ecfd</color>
    <color name="sports_btn_normal">#fac382</color>
    <color name="sports_btn_pressed">#f4b060</color>
    <color name="context_menu_divider">#f5f5f5</color>
    <color name="male_selected">#00b3ff</color>
    <color name="male_unselected">#babec0</color>
    <color name="female_selected">#f7525a</color>
    <color name="signup_disabled">#40ffffff</color>
    <color name="free_sms_btn">#1891e1</color>
    <color name="indian_btn_normal">#b2f1cd</color>
    <color name="indian_btn_pressed">#64e099</color>
    <color name="day_line">#1f73716d</color>
    <color name="chat_thread_indicator_bg_custom_theme">#B3000000</color>
    <color name="webview_progress_bg">#CD000000</color>
    <color name="webview_progress_fg">#009BFF</color>
    <color name="love_btn_normal">#f08dab</color>
    <color name="love_btn_pressed">#d67290</color>
    <color name="valentine_nudge_white">#ffffef</color>
    <color name="valenting_nudge_button_pressed">#26000000</color>
    <color name="selected_msg_item_bg_lines">#1DA8E8</color>
    <color name="transparent">#00000000</color>
    <color name="next_btn_disabled">#a1c9f0</color>
    <color name="phone_entering_header">#535e6d</color>
    <color name="selected_country">#566167</color>
    <color name="red_no_network">#ffee5953</color>
    <color name="blue_hike">#1DA8E8 </color>
    <color name="blue_hike_disabled">#401DA8E8 </color>
    <color name="blue_hike_m">#2196F3</color>
    <color name="blue_hike_status_bar_m">#1993CB</color>
    <color name="light_gray_hike">#e7e8e9</color>
    <color name="transparent_white_ab">#3dffffff</color>
    <color name="blue_color_span">#1DA8E8</color>
    <color name="red_color_span">#ef554e</color>
    <color name="broadcast_ftue_bg">#acdd77</color>
    <color name="rec_progress">#ef554e</color>
    <color name="bubble_blue">#d4feff</color>
    <color name="bubble_celebration_space">#e4cdfe</color>
    <color name="bubble_chatty_bechy_techy">#b9fffb</color>
    <color name="bubble_forest_study_sporty_fifa_nature">#dcffa0</color>
    <color name="bubble_green">#ecffcf</color>
    <color name="bubble_love_floral_kisses_valentines_girly_ipl_blurredlight_love2">#feebdd</color>
    <color name="bubble_rain2">#d9d9d9</color>
    <color name="bubble_night">#91d8fa</color>
    <color name="bubble_owl">#7acdc8</color>
    <color name="bubble_smiley_geometric1_independence">#ffffcd</color>
    <color name="bubble_stary_Space">#a7d3fe</color>
    <color name="bubble_creepy">#c0dded</color>
    <color name="bubble_hikin_couple_mountain">#fce3c5</color>
    <color name="bubble_mr_right_exam">#ffd7ac</color>
    <color name="bubble_music">#d2f0ff</color>
    <color name="bubble_beach_2">#b2e5ff</color>
    <color name="bubble_white">#ffffff</color>
	<color name="green_connected">#87d156</color>
    <color name="action_bar_btn_disable">#7Affffff</color>
    <color name="file_size">#787878</color>
    <color name="light_blue_transparent">#3e33ccff</color>
    <color name="light_black_transparent">#3e000000</color>
    <color name="delete_file_selection">#B3565656</color>
    <color name="file_transfer_pop_up_button">#ebebeb</color>
    <color name="dark_brown_divider_color">#120e0e</color>
    <attr name="alp_42447968_color_pattern_path" format="reference" />
    <color name="alp_42447968_pattern_path_dark">#3effffef</color>
	<color name="alp_42447968_pattern_red_background">#e6564f</color>
    <color name="stealth_ftue_popup_divider">#ca4c45</color>
    <color name="black_alpha_10">#1A000000</color>
    <color name="white_alpha_48">#7bffffef</color>
    <color name="black_unknwon_contacts">#66000000</color>
    <color name="black_unknwon_contacts_pressed">#9A000000</color>
    <color name="unsaved_contact_name">#66000000</color>
    <color name="white_alpha_10">#1Affffff</color>
    <color name="block_add_unknown">#FFFFFF</color>
    <color name="tip_green_bg">#26bd86</color>
    <color name="tip_green_divider_color">#49c899</color>
    <color name="dark_grey_drop_shadow">#bdbdbd</color>
    <color name="stealth_tip_bg">#ef554e</color>
    <color name="stealth_tip_divider">#f2706a</color>
    <color name="standard_black">#333333</color>
    <color name="standard_grey">#666666</color>
    <color name="standard_light_grey2">#777777</color>
    <color name="standerd_background">#ececec</color>
    <color name="ftue_card_last_seen">#f59029</color>
    <color name="ftue_card_hike_offline">#0e7bbd</color>
    <color name="ftue_card_sticker">#dc354b</color>
    <color name="ftue_card_group">#cf5545</color>
    <color name="ftue_card_invite">#01b085</color>
    <color name="ftue_card_last_seen_click_text">#f59029</color>
    <color name="ftue_card_hike_offline_click_text">#555555</color>
    <color name="ftue_card_sticker_click_text">#555555</color>
    <color name="black_60">#99000000</color>
    <color name="jellies_btn_pressed">#391b17</color>
    <color name="jellies_btn_normal">#4e251f</color>
    <color name="white_80">#CCFFFFFF</color>
    <color name="white_75">#BFFFFFFF</color>
    <color name="black_16">#28000000</color>
    <color name="ftue_card_group_click_text">#cf5545</color>
    <color name="ftue_card_invite_click_text">#01b085</color>
    <color name="image_quality_popup_text_color">#333333</color>
    <color name="black_30">#4D000000</color>
    <color name="gray">#cccccc</color>
    <color name="sticky_yellow">#fff4aa</color>
    <color name="pin_name_color">#cf9b6b</color>
    <color name="pin_text_color">#45400e</color>
    <color name="red_empty_field">#ef554e</color>
    <color name="pin_color">#fff38f</color>    
    <color name="add_fav">#ffa201</color>
    <color name="mid_gray">#aaaaaa</color>
    <color name="header_bg">#f1f2f3</color>
    <color name="group_edit_pressed">#33888888</color>
    <color name="files_disabled">#bbbbbb</color>
    <color name="welcome_blue">#008fe1</color>
    <color name="diwali_popup_btn_txt">#fe9e9e</color>
    <color name="diwali_popup_btn_pressed">#33000000</color>
    <color name="restoring_red">#fe6565</color>
    <color name="restoring_orange">#ffbc3c</color>
    <color name="restoring_green">#38e5be</color>
    <color name="restore_success_green">#69dd71</color>
    <color name="shop_icon_default_color">#555555</color>
    <color name="shop_icon_color">#008fe1</color>
    <color name="erase_key_color">#555555</color>
    <color name="sticker_settings_update_color">#60B141</color>
    <color name="white_100">#FFFFFFFF</color>
    <color name="blue_action_bar">#039BE5</color>
    <color name="shop_update_details_color">#C4EF94</color>
    <color name="shop_update_invisible_color">#cccccc</color>
    <color name="sticker_pallete_bg_color">#555555</color>
    <color name="black_10">#1A000000</color>
    <color name="text_bg">#FFF300</color>
    <color name="festive_mode_bg">#D9000D1F</color>
    <color name="festive_popup_divider">#33000000</color>
    <color name="skip_button_button">#c6c6c7</color>
    <color name="nux_reward_objective">#26292d</color>
    <color name="nux_reward_subtext">#87888a</color>
    <color name="nux_invite_button">#1DA8E8</color>
    <color name="nux_chat_reward_status">#ffab0a</color>
    <color name="nux_disabled_text">#aeafb0</color>
    <color name="nuxunlocked">#6bbe00</color>
    <color name="black_90">#E6000000</color>
    <color name="voip_hang_up">#F64444</color>
    <color name="black_80">#CC000000</color>
    <color name="call_rate_dismiss">#26292d</color>
    <color name="call_rate_submit">#1DA8E8</color>
    <color name="call_rate_header">#111111</color>
    <color name="call_rate_subheader">#26292d</color>
    <color name="call_issues">#494949</color>
    <color name="overflow_item_text_enabled">#CC000000</color>
    <color name="overflow_item_text_disabled">#3D000000</color>
    <color name="call_rate_bg">#33000000</color>
    <color name="photos_tabs_background">#881f1f1f</color>
    <color name="photos_pager_background">#141414</color>
    <color name="photos_action_bar_background">#FF1f1f1f</color>
    <color name="photos_action_bar_transcluscent_background">#881F1F1F</color>
    <color name="photos_filters_font_color">#FFFFFF</color>
    <color name="photos_action_bar_font">#FFFFFF</color>
    <color name="photos_circular_progress_blue">#178ee1</color>
    <color name="photos_circular_progress_red">#dd2b28</color>
    <color name="photos_circular_progress_yellow">#FFDB58</color>
    <color name="photos_circular_progress_red_alpha">#99dd2b28</color>
    <color name="photos_actions_selected">#f4f4f4</color>
    <color name="photos_camera_selector">#05e7e8e9</color>
    <color name="gallery_camera_tile_bg">#263238</color>
    <color name="sticker_recommend_highlight_text">#3B79D1</color>
    <color name="external_pallete_text_highlight_color">#00D5FF</color>
    <color name="chat_head_settings_separator">#979797</color>
    <color name="semi_transparent_grey">#264C4C4C</color>
    <color name="home_screen_list_divider">#14000000</color>
    <color name="conv_item_ts_color">#000000</color>
    <color name="conv_item_last_msg_color">#7A000000</color>
    <color name="conv_item_contact_color">#CC000000</color>
    <color name="conv_item_timestamp_color">#3D000000</color>
    <color name="settings_text_header_color">#CC000000</color>
    <color name="settings_text_subheader_color">#7A000000</color>
    <color name="menu_text_color">#CC000000</color>
    <color name="bg_custom_dialog">#EEEEEE</color>
    <color name="referral_text_colour">#898989</color>
    <color name="referral_code">#ebebeb</color>
    <color name="system_message_white">#26ffffff</color>
    <color name="system_message_black">#12000000</color>
    <color name="spring_theme_status_bar_color">#49695d</color>
    <color name="owl_theme_status_bar_color">#122424</color>
    <color name="night_theme_status_bar_color">#000000</color>
    <color name="mr_right_theme_status_bar_color">#413932</color>
    <color name="celebration_theme_status_bar_color">#4a2f6a</color>
    <color name="love_2_theme_status_bar_color">#7f2833</color>
    <color name="hikin_couple_theme_status_bar_color">#644b30</color>
    <color name="valentines_theme_status_bar_color">#751d2e</color>
    <color name="study_theme_status_bar_color">#4b5427</color>
    <color name="starry_theme_status_bar_color">#0a3054</color>
    <color name="rain2_theme_status_bar_color">#101010</color>
    <color name="girly_theme_status_bar_color">#832944</color>
    <color name="floral_theme_status_bar_color">#702b3f</color>
    <color name="creepy_theme_status_bar_color">#273f4c</color>
    <color name="friends_theme_status_bar_color">#253636</color>
    <color name="coffeebean_theme_status_bar_color">#170e0e</color>
    <color name="techy_theme_status_bar_color">#024e69</color>
    <color name="kisses_theme_status_bar_color">#8c3030</color>
    <color name="love_theme_status_bar_color">#852e2e</color>
    <color name="smiley_theme_status_bar_color">#8b6710</color>
    <color name="chatty_theme_status_bar_color">#07507f</color>
    <color name="beach_theme_status_bar_color">#035c66</color>
    <color name="night_pattern_theme_status_bar_color">#000000</color>
    <color name="forest_theme_status_bar_color">#1a5f1a</color>
    <color name="beach_2_theme_status_bar_color">#0e284e</color>
    <color name="valentines_2_theme_status_bar_color">#421308</color>
    <color name="independence_theme_status_bar_color">#621908</color>
    <color name="track_theme_status_bar_color">#716567</color>
    <color name="sleepingdog_theme_status_bar_color">#644f38</color>
    <color name="peacockglory_theme_status_bar_color">#10080b</color>
    <color name="nowhere_theme_status_bar_color">#565c54</color>
    <color name="guitar_theme_status_bar_color">#0c0505</color>
    <color name="swivel_theme_status_bar_color">#5e1643</color>
    <color name="purpleflower_theme_status_bar_color">#28203D</color>
    <color name="christmas_theme_status_bar_color">#1E131C</color>
    <color name="valentines_2016_theme_status_bar_color">#422223</color>
    <color name="avatar_color_bubblegum">#ff77b8</color>
    <color name="avatar_color_apricot">#ffa96f</color>
    <color name="avatar_color_carnation">#ff7687</color>
    <color name="avatar_color_light_gold">#ffd663</color>
    <color name="avatar_color_sky_blue">#78a9ff</color>
    <color name="delete_account_button">#ff3636</color>
    <color name="delete_account_button_pressed">#eb1d1d</color>
    <color name="fav_accept_btn_pressed">#18BE78</color>
    <color name="fav_accept_btn_normal">#1ECE84</color>
    <color name="fav_reject_btn_pressed">#EB1D1D</color>
    <color name="fav_reject_btn_normal">#FF3636</color>
    <color name="caller_free_call">#3d475b</color>
    <color name="dp_bg_1">#9ccc65</color>
    <color name="dp_bg_2">#9575cd</color>
    <color name="dp_bg_3">#64b5f6</color>
    <color name="dp_bg_4">#ffb74d</color>
    <color name="dp_bg_5">#81c784</color>
    <color name="dp_bg_6">#f06292</color>
    <color name="dp_bg_7">#4fc3f7</color>
    <color name="dp_bg_8">#e57373</color>
    <color name="dp_bg_9">#4db6ac</color>
    <color name="dp_bg_10">#9e9e9e</color>
    <color name="dp_bg_11">#4dd0e1</color>
    <color name="dp_bg_12">#ffd54f</color>
    <color name="v2_dp_bg_1">#ff8a65</color>
    <color name="v2_dp_bg_2">#9e9e9e</color>
    <color name="v2_dp_bg_3">#9ccc65</color>
    <color name="v2_dp_bg_4">#9575cd</color>
    <color name="v2_dp_bg_5">#a1887f</color>
    <color name="v2_dp_bg_6">#e06055</color>
    <color name="v2_dp_bg_7">#f06292</color>
    <color name="v2_dp_bg_8">#7986cb</color>
    <color name="v2_dp_bg_9">#90a4ae</color>
    <color name="v2_dp_bg_10">#4fc3f7</color>
    <color name="v2_dp_bg_11">#f6bf26</color>
    <color name="v2_dp_bg_12">#ffa726</color>
    <color name="v2_dp_bg_13">#4dd0e1</color>

    <color name="gallery_selection_action_bar">#0f0f0f</color>
    <color name="update_tip_default">#04c687</color>
    <color name="update_tip_header_text">#f7f8f9</color>
    <color name="update_tip_body_text">#e6f7f8f9</color>
    <color name="crop_actionbar_bg">#0f0f0f</color>
    <color name="block_contact">#C70000</color>
    <color name="view_all_btn_pressed">#f1f1f1</color>
    <color name="default_update_tip_bg">#04c687</color>
</resources>
	
